Timestamp,Throughput,LossRate,Latency,SendingRate,CCAs
2024-05-30 07:38:04,5366288,1.87501382106e-05,0.002146858139606,813363.320855723,2
2024-05-30 06:00:04,3857472,4.85574893899e-05,0.0031183172155309,533986.792144134,1
2024-05-30 07:37:59,5383664,9.1182640226e-06,0.000253443181152,920753.087037875,2
2024-05-30 06:00:51,3150848,2.57395566994e-05,0.0003714792131927,638024.335253249,1
2024-05-30 07:37:52,5369184,9.9181027242e-06,0.0002675729941807,854250.002599154,2
2024-05-30 07:32:50,5813720,1.11084200957e-05,0.0002003357298537,504661.132448378,0
2024-05-30 07:33:27,4778400,1.60929417631e-05,0.0071195544618548,495657.403839948,0
2024-05-30 05:59:19,10015816,0.0003343755622636,0.0002620788354718,482968.05288562895,1
2024-05-30 06:00:33,5580592,3.10985862742e-05,0.0001931555266537,564225.87437918,1
2024-05-30 07:37:42,5466200,1.12900149409e-05,0.0002789111992022,818770.467903387,2
2024-05-30 07:32:23,9175976,1.70577978423e-05,0.0001633233093899,457786.667133335,0
2024-05-30 06:00:36,4107976,1.15577355727e-05,0.0002816462920883,683579.113463695,1
2024-05-30 05:59:23,10328584,0.0001961397953656,0.0002236404003353,447740.244904839,1
2024-05-30 07:37:12,5244656,6.72279889333e-05,0.0006997733305172,790182.898013618,2
2024-05-30 07:33:01,5134608,2.99995451953e-05,0.0032156006532,494512.118550253,0
2024-05-30 07:37:45,5114336,2.55078367323e-05,0.0002675171573786,884475.487317129,2
2024-05-30 07:33:15,6098976,9.0429678198e-06,0.0002542723068331,486137.832944598,0
2024-05-30 05:59:28,9736352,5.92533867119e-05,0.0002553271053089,501440.956717357,1
2024-05-30 07:32:32,9197696,1.41806175933e-05,0.0001367489770722,456343.524355674,0
2024-05-30 07:32:52,2971296,4.37851511262e-05,0.0015903348845194,502955.458813242,0
2024-05-30 07:37:04,5111440,0.0001125439135111,0.002146858139606,777919.471264752,2
2024-05-30 07:32:03,10348856,3.27748353496e-05,0.0001376099078624,434225.01964889694,0
2024-05-30 05:59:31,5687744,4.73076470536e-05,0.0002612575036915,594833.117880284,1
2024-05-30 07:37:11,5474888,1.98839973437e-05,0.000167163741661,838579.146231799,2
2024-05-30 06:00:22,4439568,3.68200118289e-05,0.0002002614765918,552938.519631259,1
2024-05-30 05:59:41,4999944,4.46646526235e-05,0.0002977765988612,484590.123566228,1
2024-05-30 07:36:47,877488,0.0022909549386115,0.0002719146112052,989545.237241878,2
2024-05-30 05:59:20,2754096,0.0011753317186261,0.0002587912981383,506395.583984356,1
2024-05-30 07:37:21,5285200,4.6510260002e-05,0.0002537628653829,847604.556277936,2
2024-05-30 07:37:25,5141848,4.0942869787e-05,0.00027366287737,804782.812235571,2
2024-05-30 07:32:37,8646008,1.30315657539e-05,0.0001554799648177,463163.106057961,0
2024-05-30 05:59:25,9614720,0.0001037814693435,0.0002347266132832,451882.165085285,1
2024-05-30 07:32:49,4312144,5.04888475313e-05,0.0022317673459411,502897.96716459,0
2024-05-30 06:00:31,2884416,1.22044908937e-05,0.0002777932681304,581960.96237097,1
2024-05-30 07:37:58,5450272,2.04773130949e-05,0.0002762794231037,856531.359791704,2
2024-05-30 07:37:26,5422760,3.97548880609e-05,0.000261742127569,784755.100951584,2
2024-05-30 07:37:24,5379320,4.21995136921e-05,0.0002784566913816,775819.299709859,2
2024-05-30 07:32:53,4981120,4.2103099926e-05,0.0016534600453368,511202.452674045,0
2024-05-30 07:32:07,209960,0.0001613952664229,0.000488592525187,376011.87197659694,0
2024-05-30 07:32:38,8767640,1.28303937948e-05,0.0001567531484582,458172.069270399,0
2024-05-30 07:32:57,5290992,3.50225879053e-05,0.0010567386685373,527754.371388031,0
2024-05-30 07:36:55,3777832,0.0003699303400922,0.0002641767956489,946940.177954355,2
2024-05-30 07:32:17,9543768,1.97768249945e-05,0.0001348252807344,439055.97452054,0
2024-05-30 07:38:27,5280856,6.9301600248e-06,0.0002729953528431,850071.396141497,2
2024-05-30 05:59:24,1136680,0.0001157094054829,0.0003091663476301,532932.722902344,1
2024-05-30 07:37:15,5217144,5.84775889762e-05,0.0004688980455082,836873.154781321,2
2024-05-30 06:00:59,4522104,9.3614123836e-06,0.000280240968782,568885.738239626,1
2024-05-30 07:36:48,9522048,5.90295486322e-05,0.0002660778217653,571538.524758311,2
2024-05-30 07:37:08,5479232,8.43563666853e-05,0.0013429223274698,807753.334961281,2
2024-05-30 05:59:52,6171376,1.95554244916e-05,0.0003537368980095,520211.938180837,1
2024-05-30 07:31:54,10500896,5.61260107845e-05,0.0001443238150928,435333.517280489,0
2024-05-30 05:59:39,6290344,3.10059170496e-05,0.0002260624064291,515628.954716792,1
2024-05-30 07:31:47,11032312,0.0001290552706414,0.0002173749341078,442420.168490548,0
2024-05-30 07:38:31,5211352,1.36614990255e-05,0.0002600910824371,868776.769208193,2
2024-05-30 06:00:13,5007184,1.65994401916e-05,0.001948098943691,605693.804208349,1
2024-05-30 05:59:50,4791432,3.08787783326e-05,0.0002307562669265,506720.495377575,1
2024-05-30 06:00:51,3421624,1.00577165415e-05,0.0003232280452536,608652.264996974,1
2024-05-30 07:33:20,5363392,1.84415113215e-05,0.0070535506520952,500775.583304778,0
2024-05-30 07:37:24,5334432,1.50843741437e-05,0.0002769664834166,816815.906137432,2
2024-05-30 07:37:55,5557424,9.5542135608e-06,0.0002650598958845,914621.539510947,2
2024-05-30 07:32:09,246160,0.0001591902758163,0.0028569940207661,223245.734706767,0
2024-05-30 07:37:48,5021664,1.04263685218e-05,0.0002660778217653,893778.111361801,2
2024-05-30 07:36:52,7668840,4.03540311265e-05,0.0002675729941807,612860.801627044,2
2024-05-30 07:37:48,5131712,2.41658626162e-05,0.0002757735643665,795030.970811973,2
2024-05-30 07:38:25,5337328,1.45263871765e-05,0.00027366287737,838067.956162835,2
2024-05-30 07:32:00,233128,0.0001706496568436,0.002856994207661,402371.75941823,0
2024-05-30 06:00:53,3627240,2.53633635543e-05,0.0003472233282356,713559.412222429,1
2024-05-30 07:32:25,10571848,1.63057392332e-05,0.0001437981167518,454590.498184622,0
2024-05-30 07:32:42,2580336,7.07743180386e-05,0.0027518118581464,546850.670919775,0
2024-05-30 07:32:43,7248688,1.19639550803e-05,0.0001639737379881,490311.463766203,0
2024-05-30 07:38:06,5114336,8.4461821112e-06,0.0001469902660224,849232.58228861,2
2024-05-30 07:32:51,6207576,1.10068850344e-05,0.0002269021933369,474947.988734439,0
2024-05-30 07:31:57,10654384,4.49161880265e-05,0.0001323965179872,433675.423713674,0
2024-05-30 07:32:32,1324920,0.0001046661352724,0.0067384341667438,445300.60615675,0
2024-05-30 07:38:02,5521224,8.8149495e-06,0.0001293783387834,850908.274680424,2
2024-05-30 07:37:05,5538600,2.33936409621e-05,0.0001445331864367,780343.419753714,2
2024-05-30 07:36:44,537208,0.0078991144335542,0.0002851165850341,949322.943830733,2
2024-05-30 07:31:55,10752848,5.18511926332e-05,0.000142708895394,438961.477720469,0
2024-05-30 06:00:45,7742456,2.7203005254e-05,0.0013658734392528,538990.613969264,1
2024-05-30 07:31:49,10112832,9.37255584698e-05,0.0001451207208362,443784.49599037,0
2024-05-30 07:32:08,10534200,2.65096460226e-05,0.0001399301437875,443834.401202863,0
2024-05-30 05:59:18,742824,0.0056806106939293,0.0002546256447868,494869.55729723,1
2024-05-30 05:59:47,4713240,3.45913756269e-05,0.0001920529096875,485131.458042958,1
2024-05-30 07:37:42,5432896,2.7019847963e-05,0.0002781678121754,880666.453388821,2
2024-05-30 07:36:52,2189376,0.0006609969699722,0.0002753763858761,969961.038823042,2
2024-05-30 07:31:57,260640,0.000175332554072,0.0010567386685373,291813.448829622,0
2024-05-30 07:37:33,5712360,3.30369003133e-05,0.0002756010823779,835693.07268604,2
2024-05-30 07:36:50,8877688,4.72521896239e-05,0.0002693114493057,590414.673324069,2
2024-05-30 07:32:33,9271544,1.39285282927e-05,0.0001555340018368,449987.309865838,0
2024-05-30 07:33:04,5611000,9.8202011543e-06,0.00026290149297,482211.372810388,0
2024-05-30 07:32:14,9969480,2.15517753745e-05,0.0001340388929739,440537.533612495,0
2024-05-30 07:33:14,2163312,2.11289642271e-05,0.0113234251737594,497319.283178118,0
2024-05-30 07:38:06,5118680,1.82473630201e-05,0.002007924142431,804446.843713699,2
2024-05-30 07:38:07,5466200,8.3601394905e-06,0.000160716759418,823946.323675078,2
2024-05-30 05:59:59,2240056,5.15175176275e-05,0.0003306087827808,603144.321575618,1
2024-05-30 07:33:28,5354704,8.2398234095e-06,0.0002533776559883,501396.380793924,0
2024-05-30 07:32:24,631328,0.0001257923040434,0.0069713592529296,304207.326561858,0
2024-05-30 07:33:03,8446184,9.9148341156e-06,0.000258844865503,439526.85411582096,0
2024-05-30 07:37:27,5163568,3.86311280842e-05,0.000270931626919,777998.841852645,2
2024-05-30 07:31:40,9469920,0.0006961323706944,0.0028866447619537,440941.221481529,0
2024-05-30 07:37:10,5545840,2.03989108833e-05,0.0001608749320256,823198.906871357,2
2024-05-30 06:00:39,2583232,1.12292886753e-05,0.0002961547586558,661987.4369499,1
2024-05-30 06:00:52,4121008,2.5556087446e-05,0.0003537368980095,613075.641117406,1
2024-05-30 06:00:33,4267256,1.19488057042e-05,0.0003799743399359,587955.897720021,1
2024-05-30 07:32:20,9966584,1.83572132122e-05,0.0001411655101946,435027.776396396,0
2024-05-30 06:00:08,3611312,1.83115151845e-05,0.0001985475000617,642490.953568679,1
2024-05-30 07:37:57,5246104,9.3322874746e-06,0.0002704633318859,839801.442258243,2
2024-05-30 07:32:29,9721872,1.49882913255e-05,0.0001490827016856,471413.407190919,0
2024-05-30 07:38:15,5553080,7.7202621136e-06,0.0001916241313393,834980.475875886,2
2024-05-30 07:32:12,10751400,2.29614925121e-05,0.0001409110672976,432700.84903877,0
2024-05-30 07:37:50,5366288,1.01702287548e-05,0.0002693114493057,775255.629672309,2
2024-05-30 06:00:58,4510520,2.44569336073e-05,0.0002956778053345,582702.698630515,1
2024-05-30 07:33:25,7975584,8.4189365184e-06,0.0002368381442804,444337.664508867,0
2024-05-30 06:00:43,2564408,1.09609443449e-05,0.0002930021201813,619511.542801045,1
2024-05-30 07:36:56,6330656,3.18092840465e-05,0.0002780175926693,722867.453733235,2
2024-05-30 07:38:20,5527016,1.53492757356e-05,0.0002737951959508,805844.529248953,2
2024-05-30 06:00:40,5186736,2.89758899026e-05,0.0002532026446457,623919.416633663,1
2024-05-30 07:38:11,5243208,8.0301919784e-06,0.000167163741661,847603.207500929,2
2024-05-30 07:31:50,70952,0.000184388584303,0.0032643230756123,840606.720662628,0
2024-05-30 05:59:27,432952,0.0001095341120261,0.0003927450406221,678985.171296748,1
2024-05-30 06:00:34,6007752,3.06745213983e-05,0.0002241224920662,547189.81202239,1
2024-05-30 06:00:12,5088272,4.18835085919e-05,0.0001540714903625,546541.226254082,1
2024-05-30 07:37:15,5224384,1.80925127839e-05,0.0001916241313393,900435.543900989,2
2024-05-30 07:36:41,9069003,0.0034533278489542,0.0002651966102055,441188.576607832,2
2024-05-30 07:33:21,5162120,1.80383179226e-05,0.0064841334025065,498401.367861804,0
2024-05-30 06:00:19,4019648,3.81172161658e-05,0.0002754254917955,604074.234310621,1
2024-05-30 07:32:28,799296,0.0001165749654039,0.0067553987036218,559882.43166313,0
2024-05-30 05:59:58,1255416,5.18756987652e-05,0.0002956778053345,761957.276219819,1
2024-05-30 06:00:24,5965760,3.57662491592e-05,0.0002323320028506,503764.810351863,1
2024-05-30 07:38:12,5891912,1.68810938566e-05,0.0006997733305172,791778.079946343,2
2024-05-30 07:37:04,5101304,2.40838721014e-05,0.0001379186553466,790369.037352521,2
2024-05-30 07:37:43,5612448,1.1129687457e-05,0.00025781430256,898413.777029638,2
2024-05-30 05:59:26,573408,0.0001109425739779,0.0003118819028288,741689.703115706,1
2024-05-30 06:00:06,4416400,4.70821012561e-05,0.0014389286568765,565093.88845581,1
2024-05-30 07:37:05,5496608,0.0001039706242745,0.0023773029101844,803926.194926255,2
2024-05-30 07:38:12,5813720,7.9489163361e-06,0.0001903247468906,855439.257269264,2
2024-05-30 06:00:37,4089152,1.14330589686e-05,0.0002778534795723,696568.644071464,1
2024-05-30 05:59:27,10631216,6.88636895952e-05,0.0001874879361635,454141.440453944,1
2024-05-30 07:37:52,5464752,2.25659123455e-05,0.0002753763858761,843504.231933411,2
2024-05-30 07:36:59,5311264,2.82715021764e-05,0.000253443181152,860604.979617961,2
2024-05-30 07:32:23,584992,0.0001280468782949,0.0056892779565626,350770.697674774,0
2024-05-30 07:33:22,5574800,1.76448555531e-05,0.0053269231641614,503265.470893537,0
2024-05-30 05:59:54,4978224,2.73175451811e-05,0.0003832169901904,500271.757154997,1
2024-05-30 07:31:56,10833936,4.81275715238e-05,0.0001413671874783,432069.78648258,0
2024-05-30 07:31:48,10490760,0.0001082022752832,0.000154298434081,444121.362448017,0
2024-05-30 07:32:30,990432,0.0001109259944254,0.0068977491723166,501689.576827107,0
2024-05-30 07:33:27,6125040,8.2940331045e-06,0.000241740262462,501703.108716884,0
2024-05-30 07:32:45,3505608,6.16067406584e-05,0.0022740491898187,516057.97181762,0
2024-05-30 07:32:28,9174528,1.52874222526e-05,0.0001540141433023,462799.787629874,0
2024-05-30 05:59:19,1293064,0.0024632176457819,0.0002754254917955,568802.098352089,1
2024-05-30 07:33:20,5363392,1.84415113215e-05,0.0070535506520952,500775.583304778,0
2024-05-30 06:00:22,4878312,1.37966144367e-05,0.0003489724940903,533458.969763931,1
2024-05-30 07:37:36,5221488,1.23459567597e-05,0.0002834639855232,979366.266457827,2
2024-05-30 07:38:30,5401040,1.37997541051e-05,0.0002695222991406,814358.623408375,2
2024-05-30 07:37:28,5376424,1.40534566627e-05,0.0002646496847683,853596.235259996,2
2024-05-30 07:38:16,5222936,7.6469898012e-06,0.000206340789399,810098.968902448,2
2024-05-30 07:33:12,4897136,2.20581767705e-05,0.0089680490039643,518187.130865264,0
2024-05-30 05:59:44,5511320,2.54097836452e-05,0.000258371526724,498321.248706202,1
2024-05-30 05:59:18,8605643,0.0036125752065705,0.0002766261812189,462352.077293372,1
2024-05-30 07:31:46,10519720,0.0001598368048829,0.0002876217490458,442793.616262288,0
2024-05-30 06:00:50,5221488,1.0159441241e-05,0.0002307562669265,620602.047020313,1
2024-05-30 07:33:28,5224384,1.58002189435e-05,0.0067553987036218,461911.32106086,0
2024-05-30 07:31:45,260640,0.0001905327027633,0.0022740491898187,567144.655181079,0
2024-05-30 06:00:50,2370376,2.58806347637e-05,0.000390704740152,599303.870208454,1
2024-05-30 07:32:01,238920,0.0001690819827195,0.005327177077294,418626.095024915,0
2024-05-30 05:59:38,6143632,3.2446547821e-05,0.0001900489633467,549135.160131448,1
2024-05-30 07:32:13,405440,0.0001523990032799,0.0109909883765287,467932.828300688,0
2024-05-30 07:38:19,5424208,1.55296690792e-05,0.0002722619562355,836648.607343706,2
2024-05-30 07:32:01,10288040,3.59198637962e-05,0.0001358605780385,455927.084516519,0
2024-05-30 06:00:09,5370632,4.39937751985e-05,0.0002228967625717,576383.868044631,1
2024-05-30 07:38:18,5450272,1.5713052718e-05,0.0002999568058002,802099.315815737,2
2024-05-30 05:59:59,7687432,2.3194529903e-05,0.000280240968782,523717.84354038496,1
2024-05-30 05:59:34,2654184,6.46071851861e-05,0.0002941539124497,481818.070835338,1
2024-05-30 06:00:39,3840096,2.92694735576e-05,0.0002260624064291,669392.491943249,1
2024-05-30 07:32:04,195480,0.0001651717123045,0.0001917763422894,553446.627197393,0
2024-05-30 06:00:40,1912808,1.11643917722e-05,0.0002996210579399,693806.21971273,1
2024-05-30 07:32:30,8650352,1.47083376689e-05,0.0001377161892929,476595.994559112,0
2024-05-30 07:32:35,9304848,1.34656115605e-05,0.0001673756068468,435181.051697531,0
2024-05-30 07:33:19,5269272,1.88674436829e-05,0.0076166954040527,475490.859284245,0
2024-05-30 07:32:43,2927856,6.77372043771e-05,0.0026009254455566,496203.729951108,0
2024-05-30 05:59:52,4952160,2.91067026611e-05,0.0002578554383243,491613.312039146,1
2024-05-30 05:59:51,3692400,2.99735974335e-05,0.0003232280452536,492666.68848905,1
2024-05-30 07:32:06,10836832,2.87051658109e-05,0.0001387887704676,435041.489497969,0
2024-05-30 07:37:01,5401040,2.63754127233e-05,0.0004132051501124,833632.53237092,2
2024-05-30 06:00:27,5241760,1.28290748522e-05,0.0003927450406221,616835.394582753,1
2024-05-30 06:00:55,2390648,2.50137319356e-05,0.0001910947127255,629310.499612778,1
2024-05-30 07:36:53,7531048,3.76897920218e-05,0.0002770914215346,740788.066769328,2
2024-05-30 07:37:07,5321400,2.21021015027e-05,0.000160716759418,845866.856995483,2
2024-05-30 05:59:32,5154880,4.46656161457e-05,0.0002400386233289,666985.157570541,1
2024-05-30 06:00:24,4878312,1.3386117495e-05,0.0003091663476301,571568.547521203,1
2024-05-30 07:33:12,5661680,9.2599085135e-06,0.0002602769867167,509474.454174765,0
2024-05-30 07:33:01,5531592,1.00906026729e-05,0.0002617471208559,512859.60707359697,0
2024-05-30 07:37:22,5632720,4.49340635227e-05,0.0002845273679588,778198.545268834,2
2024-05-30 07:32:58,5495160,1.03338768786e-05,0.0002400711791156,501130.786824003,0
2024-05-30 07:37:49,5137504,2.37584420548e-05,0.000277029872107,830415.570700227,2
2024-05-30 06:00:09,5732632,1.79583529956e-05,0.000294979295787,564533.145101043,1
2024-05-30 05:59:36,4348344,5.77494635e-05,0.0002816462920883,491780.889949625,1
2024-05-30 07:33:07,5576248,9.5982070522e-06,0.0002494402203695,493113.71700214,0
2024-05-30 07:38:07,5463304,1.80071343677e-05,0.0019139255193923,824885.157066207,2
2024-05-30 05:59:23,693592,0.0001185946807319,0.0003440882419717,536206.992333087,1
2024-05-30 07:32:29,1003464,0.0001138239939531,0.0071655915333674,431313.205731014,0
2024-05-30 06:00:28,4287528,1.26509725441e-05,0.000346274934463,586416.565981046,1
2024-05-30 07:37:39,5708016,1.18025249809e-05,0.0002703265452281,851358.668022551,2
2024-05-30 07:32:42,7982824,1.21165606644e-05,0.0001679003559133,481186.14246077,0
2024-05-30 07:36:56,4115216,0.0003078423337131,0.0002805523844255,868017.440610128,2
2024-05-30 07:37:57,5334432,2.07946649043e-05,0.0002697887880941,822567.102333833,2
2024-05-30 07:36:58,5363392,2.92896309947e-05,0.0002756866999433,805457.546598124,2
2024-05-30 06:00:42,6161240,2.83186952121e-05,0.000266871426626,545136.562389827,1
2024-05-30 07:37:32,5165016,3.38779076155e-05,0.0002577552869819,820590.735001288,2
2024-05-30 07:32:22,10637008,1.7465920321e-05,0.0001519749126875,447300.942407714,0
2024-05-30 07:33:02,5069448,2.8978190206e-05,0.0006789365,506032.284015753,0
2024-05-30 06:00:45,2794640,1.07813850326e-05,0.0001776676764121,677916.463680288,1
2024-05-30 07:32:40,2646944,7.61393630102e-05,0.0028866447619537,500456.034554629,0
2024-05-30 07:33:26,5509640,1.64058233095e-05,0.005743528134895,466303.44962615694,0
2024-05-30 06:00:07,8094320,4.60437712834e-05,0.0007658242430754,548988.378106439,1
2024-05-30 07:38:17,5267824,7.5769876627e-06,0.0002389576446496,771615.438680045,2
2024-05-30 06:00:35,3453480,1.16751435551e-05,0.0002944068202265,672821.080303601,1
2024-05-30 07:38:21,5095512,1.51782443242e-05,0.0002537628653829,822709.079717022,2
2024-05-30 05:59:24,9514808,0.0001347468399212,0.0002323320028506,458092.922831901,1
2024-05-30 07:32:56,5453168,1.04980039799e-05,0.0002320407019524,479010.450684595,0
2024-05-30 07:32:49,5593624,1.12065357616e-05,0.0002002958167204,482520.398201642,0
2024-05-30 07:32:31,9385704,1.44436503944e-05,0.0001570106807902,448618.762489657,0
2024-05-30 07:36:46,9115160,7.83849625227e-05,0.000272210461,480218.383660792,2
2024-05-30 07:37:27,5082480,1.42954420345e-05,0.0002729953528431,779605.955971198,2
2024-05-30 05:59:45,7421000,2.44846760095e-05,0.0013658734392528,470548.519647292,1
2024-05-30 05:59:47,5919424,2.27720554377e-05,0.0005388445281152,494672.699482475,1
2024-05-30 05:59:37,6120696,3.4005277937e-05,0.0002573993264296,546681.388905954,1
2024-05-30 07:36:57,5884672,3.04457217536e-05,0.0002704633318859,677627.455914646,2
2024-05-30 07:37:30,5425656,1.35925158311e-05,0.0002609156813296,896599.978859105,2
2024-05-30 07:33:07,5053520,2.52182507229e-05,0.000488592525187,468607.312722686,0
2024-05-30 07:32:38,2267568,8.32990285536e-05,0.0034607753419039,467240.725319441,0
2024-05-30 07:36:44,10012920,0.0001219677703418,0.0002818313443776,466062.67046806,2
2024-05-30 07:32:14,463360,0.0001501120359631,0.0113234251737594,301846.498456673,0
2024-05-30 07:32:18,8799496,1.92930551132e-05,0.0001389764388646,475444.224205622,0
2024-05-30 07:31:44,9852192,0.0002833923792482,0.000130090358497,459858.53905321,0
2024-05-30 07:38:03,5340224,1.90139238329e-05,0.0065241958945989,835512.228550645,2
2024-05-30 07:33:29,6112008,8.1863867951e-06,0.0002322611962809,493386.847757543,0
2024-05-30 07:32:39,2448568,7.9696791121e-05,0.0030441343784332,537034.486315101,0
2024-05-30 07:33:16,5957072,8.9753560209e-06,0.000250713180446,481721.903872277,0
2024-05-30 07:36:59,5356152,0.0001921292072232,0.0002592444698314,788666.145361035,2
2024-05-30 07:37:08,5683400,2.14999380931e-05,0.0001624938218166,821530.989553974,2
2024-05-30 06:00:35,4469976,3.03006504905e-05,0.0002378811866889,655379.006400841,1
2024-05-30 07:37:40,5764488,2.81740859028e-05,0.0002797737901181,885137.029060268,2
2024-05-30 07:37:32,5346016,1.31524425505e-05,0.0002529293047642,839011.513070187,2
2024-05-30 07:37:06,5341672,9.64532416465e-05,0.002007924142431,853121.510625969,2
2024-05-30 07:37:19,5189632,1.66212755487e-05,0.0002676467885261,810234.172195049,2
2024-05-30 06:00:12,4346896,1.6901382833e-05,0.0014468225080575,555341.168888879,1
2024-05-30 07:37:14,5367736,6.10910915606e-05,0.0005246230534144,814748.326499295,2
2024-05-30 07:33:22,5574800,1.76448555531e-05,0.0053269231641614,503265.470893537,0
2024-05-30 06:00:30,4293320,1.23288858884e-05,0.0002829945641183,595186.243080454,1
2024-05-30 07:31:51,131768,0.0001835990056899,0.002081207259396,190522.297618101,0
2024-05-30 07:33:13,5626928,9.193505541e-06,0.0002840185437107,512406.875427186,0
2024-05-30 06:00:49,5063656,1.02831109467e-05,0.0002613598070804,607061.103336219,1
2024-05-30 07:31:53,173760,0.0001813189779519,0.0016534600453368,316928.113585427,0
2024-05-30 07:31:58,231680,0.0001736073280095,0.0010331012308597,619352.567397523,0
2024-05-30 07:33:06,5137504,2.59872078865e-05,0.0002625611716748,463221.757344916,0
2024-05-30 07:31:59,201272,0.0001721179517219,0.0008577806623839,757621.519854624,0
2024-05-30 07:37:49,5292440,1.02988141887e-05,0.0002846676054715,852371.533142709,2
2024-05-30 07:33:15,5489368,2.07439156984e-05,0.0180825068026172,506638.250551771,0
2024-05-30 06:00:23,4776952,1.35882555258e-05,0.0003440882419717,588163.343269354,1
2024-05-30 07:32:45,7193664,1.16852000717e-05,0.0001791347172487,469996.117869104,0
2024-05-30 06:00:17,6252464,1.5165252291e-05,0.0003139808596042,592422.167488254,1
2024-05-30 07:38:29,5118680,1.39395710971e-05,0.0002609447358447,831639.417537185,2
2024-05-30 06:00:48,5944040,1.04189051723e-05,0.0002024973642554,603426.984443243,1
2024-05-30 07:33:11,5705120,9.3277476554e-06,0.0002547030501393,475297.117227019,0
2024-05-30 07:33:24,6043952,8.4881352508e-06,0.0002636734083286,501576.458791425,0
2024-05-30 06:00:07,2227024,1.85394289532e-05,0.000164699641631,615099.831672383,1
2024-05-30 07:32:48,6621704,1.13135852781e-05,0.0001999229687551,484312.696240774,0
2024-05-30 07:31:41,5718152,0.0002934212108784,0.0027106137342855,528296.561556737,0
2024-05-30 07:37:03,5373528,0.0001225494841307,0.0065241958945989,846197.894019277,2
2024-05-30 06:00:16,3612760,3.95078684273e-05,0.000176208471161,576885.268044339,1
2024-05-30 06:00:48,4737856,2.62356327667e-05,0.0005018770003402,557744.238623573,1
2024-05-30 07:38:26,5159224,6.9883964192e-06,0.0002553260672763,826896.430503896,2
2024-05-30 06:00:26,5644304,3.46331504201e-05,0.0002406212226274,571257.316119819,1
2024-05-30 07:37:56,5403936,9.4403495283e-06,0.0002780175926693,829670.8411853,2
2024-05-30 06:00:32,5964312,3.15330257273e-05,0.0002400386233289,536332.149108868,1
2024-05-30 07:33:05,5105648,2.68087563061e-05,0.0001491233182962,484135.413626923,0
2024-05-30 05:59:29,4131144,0.0001007295757909,0.0002809848344332,571491.4356389,1
2024-05-30 05:59:46,6653560,2.35492354895e-05,0.0008239395478192,489404.405564934,1
2024-05-30 06:00:17,3773488,3.90704627801e-05,0.0003102746062773,547162.911555309,1
2024-05-30 07:32:55,5346016,3.8340136083e-05,0.0014523763296216,508420.87346383696,0
2024-05-30 06:01:07,7633856,8.7327153902e-06,0.000164699641631,547900.535706328,1
2024-05-30 07:32:34,1637688,9.78680342274e-05,0.0055499525631175,381840.26124219294,0
2024-05-30 06:00:25,6114904,3.51830234074e-05,0.0002347266132832,508360.16963729,1
2024-05-30 07:31:42,2943784,0.0002252904292329,0.0027518118581464,461782.891172164,0
2024-05-30 07:32:56,5408280,3.6602416494e-05,0.0012122188840258,493151.52579441504,0
2024-05-30 07:36:49,9099232,5.23834664169e-05,0.0002846676054715,601120.65563861,2
2024-05-30 05:59:35,6436360,3.75679209435e-05,0.0002378811866889,525420.011233666,1
2024-05-30 07:37:18,5535704,1.69698039488e-05,0.0002505189667707,868913.129810916,2
2024-05-30 05:59:49,5243208,3.20219179955e-05,0.0002613598070804,496721.27430935,1
2024-05-30 07:37:30,5215696,3.56625048851e-05,0.0002695222991406,842399.543705243,2
2024-05-30 07:38:23,5703672,1.48524562912e-05,0.0002742929160103,848477.778210049,2
2024-05-30 05:59:42,6048296,2.72848174767e-05,0.000266871426626,520591.831482544,1
2024-05-30 07:32:41,1710088,7.33314188464e-05,0.0027106137342855,490357.916405154,0
2024-05-30 07:32:36,8921128,1.32410304568e-05,0.0001532745008768,460544.8035195231,0
2024-05-30 07:37:41,5471992,1.14529192642e-05,0.0002651966102055,865487.246086464,2
2024-05-30 05:59:21,6004856,0.0001480434043148,0.0003756173524652,563905.927246898,1
2024-05-30 07:33:19,5395248,8.7870610724e-06,0.0001977209505959,502051.135102597,0
2024-05-30 05:59:17,437474,0.0405906128398756,0.0003102746062773,179519.703035495,1
2024-05-30 07:33:09,4991256,2.38624340742e-05,0.0028569940207661,492679.293382722,0
2024-05-30 07:37:39,5618240,2.88125877351e-05,0.0002689558166405,866649.983633423,2
2024-05-30 07:31:47,152040,0.0001871847962471,0.0021793735640694,487596.359747178,0
2024-05-30 07:38:17,4978224,1.58929771755e-05,0.0003732920049107,806297.302432016,2
2024-05-30 06:00:05,6233640,1.94155901083e-05,0.000175819833012,575309.499016739,1
2024-05-30 07:37:43,5364840,2.64857961251e-05,0.0002620969821938,834819.007604843,2
2024-05-30 07:32:06,209960,0.000162664178952,0.0002625611716748,298799.943220147,0
2024-05-30 07:32:27,10438632,1.56110250378e-05,0.0001362367731625,451379.621638936,0
2024-05-30 07:32:18,543000,0.0001403938880143,0.0080235481262207,309271.074481752,0
2024-05-30 07:37:20,5453168,1.6289424204e-05,0.0002700872436763,842694.493889532,2
2024-05-30 06:00:44,5751456,2.75913260341e-05,0.000258371526724,530205.966845519,1
2024-05-30 07:38:27,5211352,1.42288224465e-05,0.000270931626919,844933.922697373,2
2024-05-30 06:00:53,3407144,9.8997656166e-06,0.0002243873599642,706043.89049818,1
2024-05-30 07:32:19,9742144,1.88278333983e-05,0.000144495517274,446623.237506038,0
2024-05-30 07:33:22,5961416,8.6061842812e-06,0.0002379852842508,498399.92556771,0
2024-05-30 05:59:56,3554840,2.57577749058e-05,0.0002997059033112,504121.484922159,1
2024-05-30 07:32:46,3553392,5.86697387181e-05,0.0023237414982007,471484.09472465,0
2024-05-30 05:59:41,5695216,2.8330134394e-05,0.0002667571682762,501280.09069535695,1
2024-05-30 07:32:31,1185912,0.0001079292408957,0.0067795895515604,421160.84219072,0
2024-05-30 05:59:57,5330088,2.50977654598e-05,0.0002621805047713,473636.58611390495,1
2024-05-30 06:00:29,6352376,3.3095279917e-05,0.0002452299532845,574275.520458877,1
2024-05-30 07:32:16,10121520,2.03231435568e-05,0.0001306702464694,443831.964988256,0
2024-05-30 07:31:53,10177992,6.10200975483e-05,0.000136805795477,431759.368434025,0
2024-05-30 05:59:51,7654128,2.01847149073e-05,0.0003714792131927,485244.759182745,1
2024-05-30 05:59:33,4970984,6.85188924974e-05,0.0003799743399359,615590.205443009,1
2024-05-30 07:31:52,144800,0.0001825322779397,0.0015903348845194,318817.10956789,0
2024-05-30 07:38:19,5603760,7.4377202029e-06,0.0002676467885261,855312.093363146,2
2024-05-30 05:59:53,4808808,2.81847961457e-05,0.0002243873599642,480345.498368772,1
2024-05-30 07:37:16,5033248,5.61512707888e-05,0.0003599731959281,833663.156926571,2
2024-05-30 07:33:02,5728288,1.00119966565e-05,0.0002589555809996,492848.163675268,0
2024-05-30 07:33:17,5525568,1.97465843836e-05,0.009355438323248,480074.012463194,0
2024-05-30 07:38:20,5289312,7.3689566374e-06,0.0002700872436763,823382.962174196,2
2024-05-30 07:32:39,8076944,1.26415717787e-05,0.0001683792468874,477030.902365808,0
2024-05-30 07:31:52,10903440,6.69849569605e-05,0.0001300903582497,434838.772411591,0
2024-05-30 07:37:56,5508192,2.11238389147e-05,0.0002805523844255,865747.513111876,2
2024-05-30 07:38:13,5104200,1.66672198821e-05,0.0006680691665966,868015.887645078,2
2024-05-30 07:37:31,5496608,3.47453503562e-05,0.0002600910824371,814649.500183016,2
2024-05-30 07:33:08,5130264,9.5305262061e-06,0.0001711255106432,484343.527921605,0
2024-05-30 05:59:32,5535704,7.47279255246e-05,0.0002991772537183,546738.946753148,1
2024-05-30 06:00:38,3556288,1.13191485325e-05,0.0003838102361382,634586.175845568,1
2024-05-30 06:00:57,3226144,9.5266165069e-06,0.0002621805047713,614909.295191662,1
2024-05-30 07:31:51,10218536,7.42414341138e-05,0.000136305016509,433225.201040982,0
2024-05-30 07:37:23,4926096,4.35065976178e-05,0.0002742929160103,769937.456341768,2
2024-05-30 07:33:23,5690640,8.5469603678e-06,0.000259929426391,501903.526123379,0
2024-05-30 06:00:27,5870192,3.41112842351e-05,0.0001874879361635,547187.924242253,1
2024-05-30 07:33:26,5509640,1.64058233095e-05,0.005743528134895,466303.44962615694,0
2024-05-30 07:31:44,490872,0.0001937310996186,0.0024239604855761,624565.976258361,0
2024-05-30 06:00:18,4445360,3.85951151809e-05,0.0002546256447868,623804.992820486,1
2024-05-30 07:32:59,5112888,3.23904929807e-05,0.0008577806623839,510007.292924304,0
2024-05-30 05:59:48,6049744,2.20789089782e-05,0.0005018770003402,522203.828666983,1
2024-05-30 05:59:35,4494592,6.13583768666e-05,0.0002944068202265,522992.784234678,1
2024-05-30 07:33:10,5615344,9.3963036095e-06,0.0002447513900861,507658.426755456,0
2024-05-30 07:32:02,185344,0.0001676968499929,0.006734849815818,490648.110854458,0
2024-05-30 06:00:21,4225264,3.72762553122e-05,0.0002528103082776,514911.106055156,1
2024-05-30 07:36:57,4368616,0.000260777202523,0.0002697887880941,839353.64957005,2
2024-05-30 07:32:10,9713184,2.46248392444e-05,0.0001374616367593,438923.15417351696,0
2024-05-30 07:37:35,5438688,1.25360106189e-05,0.0002767891106369,838090.697865791,2
2024-05-30 07:36:53,2552824,0.0005435456110194,0.0002731476106354,970656.183192536,2
2024-05-30 05:59:39,4578576,4.86334063985e-05,0.0002961547586558,495802.227532515,1
2024-05-30 07:32:33,1403112,0.0001013364351492,0.0083649897575378,440591.682003375,0
2024-05-30 07:33:22,5574800,1.76448555531e-05,0.0053269231641614,503265.470893537,0
2024-05-30 06:00:41,2088016,1.11072910898e-05,0.0002977765988612,580816.738453912,1
2024-05-30 07:32:36,1967832,9.06828018653e-05,0.0044024001468311,434480.743072485,0
2024-05-30 05:59:34,7102440,3.99085837448e-05,0.0002241224920662,477795.269337436,1
2024-05-30 07:31:46,201272,0.0001886211313087,0.0023237414982007,604014.455196067,0
2024-05-30 07:38:23,5847024,7.1742745597e-06,0.0002797465136123,862261.226024329,2
2024-05-30 06:00:08,6445048,4.48896241431e-05,0.0003834476023969,548654.43338854,1
2024-05-30 07:32:54,5771728,1.0680801352e-05,0.000247237929614,495985.631918712,0
2024-05-30 07:33:08,4761024,2.45192926538e-05,0.0010367169038851,491127.33688583,0
2024-05-30 07:38:14,5372080,1.64685110622e-05,0.0005246230534144,748358.180229489,2
2024-05-30 07:37:44,5233072,2.59817411364e-05,0.0002851165850341,880287.211503096,2
2024-05-30 07:37:33,5652992,1.29369166233e-05,0.0002769185741163,874385.554386706,2
2024-05-30 05:59:36,5822408,3.56737472639e-05,0.0002484873478119,540076.786332113,1
2024-05-30 07:32:08,144800,0.0001603381598826,0.0010367169038851,94745.6056958046,0
2024-05-30 05:59:22,3835752,0.0001265377494133,0.0003489724940903,546822.613612736,1
2024-05-30 06:00:34,4659664,1.18039085339e-05,0.0002941539124497,593533.572222983,1
2024-05-30 07:33:10,5196872,2.32127731767e-05,0.0053271770477294,490632.915049529,0
2024-05-30 07:32:05,202720,0.0001639307467147,0.0001491233182962,853423.176906035,0
2024-05-30 06:01:04,5799240,2.29583291631e-05,0.0031183172155309,515791.301912591,1
2024-05-30 06:00:54,4171688,2.51723561418e-05,0.000218908467614,610762.980855461,1
2024-05-30 07:32:41,8650352,1.22876936508e-05,0.0001616444023555,451473.289307966,0
2024-05-30 07:31:42,6620256,0.0009351735807273,0.000152391681936,450753.081868545,0
2024-05-30 05:59:57,3495337,2.08904497947e-05,0.0003053823085162,476338.205226014,1
2024-05-30 06:00:06,6330656,1.8885328384e-05,0.0001351649894823,576038.85750324,1
2024-05-30 06:00:26,4623464,1.30186684651e-05,0.0003118819028288,567697.810081811,1
2024-05-30 07:37:10,5398144,7.49236323945e-05,0.0009117702861408,841216.697517807,2
2024-05-30 07:38:26,5141848,1.43751699202e-05,0.000261742127569,823064.020221954,2
2024-05-30 06:00:38,3424520,2.95101829312e-05,0.0001900489633467,668658.95907906,1
2024-05-30 06:00:19,5845576,1.45395740079e-05,0.0002620788354718,570512.996115773,1
2024-05-30 07:31:45,9448200,0.0002050806729769,0.0261624200003487,444324.56864699,0
2024-05-30 05:59:46,4734960,3.59437161266e-05,0.0001833913393542,483570.818930779,1
2024-05-30 07:33:18,5554528,8.8458731251e-06,0.0002534309654491,490408.02375878,0
2024-05-30 07:32:22,638568,0.0001303990897729,0.0053269231641614,341204.206567871,0
2024-05-30 06:00:52,3476648,9.9780349464e-06,0.0002578554383243,617310.808177299,1
2024-05-30 07:32:26,9242584,1.59494893975e-05,0.0001480604450608,454658.36423973297,0
2024-05-30 07:37:35,5490816,3.14996459e-05,0.0002784701645491,824773.223081741,2
2024-05-30 07:37:09,5356152,7.93425512061e-05,0.0011628043050643,855534.693174407,2
2024-05-30 06:01:06,4743648,2.25649160094e-05,0.0014389286568765,594770.95875355,1
2024-05-30 05:59:25,755856,0.0001128598291342,0.0002918611523064,668301.107773852,1
2024-05-30 05:59:30,5059312,9.1049494384e-05,0.0002829945641183,570940.967067004,1
2024-05-30 06:00:46,6206128,2.68124517692e-05,0.0008239395478192,520321.939730134,1
2024-05-30 07:37:59,5496608,2.01649775791e-05,0.0002592444698314,796247.86394112,2
2024-05-30 07:32:44,7208144,1.18226615923e-05,0.0001770576125607,472943.717483328,0
2024-05-30 07:32:52,8008888,1.08892145221e-05,0.0002053479864075,464277.85839063104,0
2024-05-30 07:36:58,5060760,0.0002229744046039,0.0002762794231037,780951.694041365,2
2024-05-30 07:33:00,5560320,3.11509548053e-05,0.009355438323248,487248.689219741,0
2024-05-30 06:00:57,5175152,2.46812972051e-05,0.0003053823085162,610625.359713648,1
2024-05-30 06:00:11,5024560,4.25753843765e-05,0.0001406134626961,551057.789387204,1
2024-05-30 07:32:15,10251840,2.09217708306e-05,0.0001474821349254,443483.873808377,0
2024-05-30 07:31:43,1387184,0.000202260680535,0.0026009254455566,650753.876439291,0
2024-05-30 05:59:37,4933336,5.43966433771e-05,0.0002778534795723,520398.868894987,1
2024-05-30 07:33:18,4847904,1.92913651621e-05,0.0080235481262207,489968.981311649,0
2024-05-30 05:59:40,7225288,2.95795220744e-05,0.0002532026446457,501138.750015924,1
2024-05-30 07:38:05,5389456,1.84924082143e-05,0.0023773029101844,845072.386418629,2
2024-05-30 07:32:44,3168224,6.46650658272e-05,0.0024239604855761,507070.14083828096,0
2024-05-30 07:37:25,5159224,1.48142463798e-05,0.0002747685905991,799861.372208974,2
2024-05-30 07:38:30,5364840,6.7588510868e-06,0.0002609156813296,837380.280725389,2
2024-05-30 07:31:54,181000,0.0001799864446526,0.0014106292616237,219901.126179119,0
2024-05-30 07:38:08,5315608,8.2742437582e-06,0.0001624938218166,854104.086764944,2
2024-05-30 07:37:19,5398144,4.99670647974e-05,0.0002722619562355,830635.208672798,2
2024-05-30 06:00:14,5735528,1.62657245867e-05,0.002926501622733,601773.655024304,1
2024-05-30 07:37:17,5361944,1.73390972262e-05,0.0002389576446496,862112.438573451,2
2024-05-30 06:00:25,4407712,1.31972489791e-05,0.0002918611523064,549308.224048898,1
2024-05-30 07:31:56,224440,0.0001770655091976,0.0012122188840258,199210.37800857,0
2024-05-30 07:31:48,117288,0.0001861046098791,0.002523052064996,579471.338159266,0
2024-05-30 07:32:54,4962296,4.01668858512e-05,0.0014106292616237,493895.19424645696,0
2024-05-30 07:38:18,5292440,7.5077947914e-06,0.0002505189667707,873322.706016336,2
2024-05-30 07:37:17,5451720,5.39567961797e-05,0.0003732920049107,787492.035053511,2
2024-05-30 05:59:55,5603760,1.81952802022e-05,0.0001910947127255,502731.659988843,1
2024-05-30 07:32:27,894864,0.0001192879250913,0.0071195544618548,502220.7167526,0
2024-05-30 06:01:06,5196872,8.8467173182e-06,0.0001351649894823,601105.299765859,1
2024-05-30 07:33:00,5845344,1.01713002686e-05,0.0002318411229926,521404.935889834,0
2024-05-30 07:33:05,5854264,9.7443977677e-06,0.0002461359733704,493941.502298822,0
2024-05-30 07:31:49,123080,0.0001851513225362,0.0022317673459411,401703.192896424,0
2024-05-30 07:36:51,1867920,0.0008108950260808,0.0002616079525621,1001348.27806921,2
2024-05-30 07:36:45,10120072,9.49845642716e-05,0.0002702249536317,484496.201038269,2
2024-05-30 07:32:58,4871072,3.36430669724e-05,0.0010331012308597,499436.1325856511,0
2024-05-30 07:38:21,5275296,7.3034672897e-06,0.0002660537614585,780031.429002221,2
2024-05-30 07:33:14,7240000,9.1189923399e-06,0.0002618282994188,473767.341289528,0
2024-05-30 06:00:41,4765368,2.8658758086e-05,0.0002667571682762,632646.831875903,1
2024-05-30 07:37:29,5073792,1.38196448753e-05,0.0002609011414763,865763.481778649,2
2024-05-30 07:37:14,5332984,1.84995596657e-05,0.0001981700382969,846311.419748995,2
2024-05-30 06:00:55,5457512,9.7145173189e-06,0.0004527103689487,552968.169002453,1
2024-05-30 05:59:44,5149088,3.8622253267e-05,0.0005929499864578,510973.6093282,1
2024-05-30 07:37:09,5282304,2.09313393828e-05,0.0001488575871022,840709.874516416,2
2024-05-30 07:32:12,340280,0.0001544181891139,0.0089680490039643,376205.136476479,0
2024-05-30 07:37:07,5344568,9.00373076958e-05,0.0019139255193923,790495.338590634,2
2024-05-30 06:00:28,5618240,3.36059377805e-05,0.0002553271053089,590262.386275934,1
2024-05-30 07:32:46,6442152,1.1557922894e-05,0.000164207055151,470480.416179879,0
2024-05-30 07:38:08,5337328,1.77683346818e-05,0.0013429223274698,814676.010908623,2
2024-05-30 07:33:26,5891912,8.3515439702e-06,0.0002558637471472,498428.257481251,0
2024-05-30 07:32:59,5522672,1.02532131137e-05,0.0002464243582078,482833.534626112,0
2024-05-30 06:00:37,3940008,2.97583660409e-05,0.0002573993264296,659045.138317517,1
2024-05-30 05:59:48,5099856,3.32911537399e-05,0.0002024973642554,498759.94923758303,1
2024-05-30 07:37:44,5046280,1.09796283701e-05,0.0002818313443776,909004.728839972,2
2024-05-30 06:00:10,4669800,4.32603220634e-05,0.0001615606918845,587927.829188776,1
2024-05-30 05:59:38,4701656,5.12996096917e-05,0.0003838102361382,575110.700839265,1
2024-05-30 07:33:11,4745096,2.26117719636e-05,0.0067348498150818,501211.097831761,0
2024-05-30 06:00:59,4843560,2.42441555684e-05,0.0003306087827808,578357.385406275,1
2024-05-30 07:37:46,5515432,1.06948370363e-05,0.000272210461,891063.165335149,2
2024-05-30 07:36:55,6951848,3.3438081851e-05,0.0002650598958845,732259.136127465,2
2024-05-30 06:00:11,4907272,1.72113574623e-05,0.0013480978510633,618869.991415356,1
2024-05-30 07:37:22,5583488,1.56520626842e-05,0.0002645470994584,777972.93426915,2
2024-05-30 06:00:31,7646888,3.20613616492e-05,0.0002612575036915,526472.856773302,1
2024-05-30 07:32:47,6989496,1.14352743121e-05,0.0001832063855037,451753.785930807,0
2024-05-30 06:00:42,2896000,1.10369885896e-05,0.0002728095886365,525629.907693338,1
2024-05-30 07:36:50,1715880,0.0010147599490433,0.0002779100892539,989890.623747978,2
2024-05-30 07:37:34,5185288,1.27312601607e-05,0.0002480096859654,820181.049058794,2
2024-05-30 07:32:05,10539992,2.9976108876e-05,0.000132906106585,436937.320301258,0
2024-05-30 07:38:15,5262032,1.62715969201e-05,0.0004688980455082,796238.86809573,2
2024-05-30 07:37:28,5172256,3.75938445661e-05,0.0002735052145384,827637.991404148,2
2024-05-30 05:59:56,5502400,1.77813755177e-05,0.000250231524484,515799.492048177,1
2024-05-30 05:59:50,5907840,2.08409534378e-05,0.000390704740152,484434.7127760191,1
2024-05-30 07:33:26,5509640,1.64058233095e-05,0.005743528134895,466303.44962615694,0
2024-05-30 07:37:46,5458960,2.50412477018e-05,0.0002725869623292,833080.193292145,2
2024-05-30 06:00:56,4474320,9.6077799411e-06,0.0002997059033112,640429.769504121,1
2024-05-30 06:00:16,6756368,1.55177404487e-05,0.000467791680652,548346.82684226,1
2024-05-30 07:32:10,253400,0.0001577464069775,0.0053271770477294,267948.768983626,0
2024-05-30 07:33:09,5473440,9.4644405529e-06,0.0002572686938757,530369.247575754,0
2024-05-30 06:00:15,4022544,3.99705738666e-05,0.0001415384401431,635772.174489898,1
2024-05-30 07:38:28,5415520,6.8715011177e-06,0.0002646496847683,894284.856853135,2
2024-05-30 07:32:20,626984,0.0001353345085776,0.0070535506520952,304830.296563762,0
2024-05-30 07:32:57,5473440,1.04154511609e-05,0.0001802140148734,503120.48244554,0
2024-05-30 07:36:42,11320464,0.00031052853617,0.0002789111992022,436995.206318087,2
2024-05-30 07:32:50,4776952,4.79574120172e-05,0.0032643230756123,459673.235513872,0
2024-05-30 07:32:16,506800,0.0001452080902188,0.010185155239734,441748.196884553,0
2024-05-30 07:38:03,5305472,8.7190990954e-06,0.0001320198231446,847637.056049925,2
2024-05-30 06:01:05,2825048,8.9195176692e-06,0.000175819833012,690901.589372778,1
2024-05-30 07:37:16,5133160,1.77102102333e-05,0.000206340789399,866428.564232015,2
2024-05-30 06:00:47,5211352,2.65010783773e-05,0.0005388445281152,565831.900038212,1
2024-05-30 05:59:22,7180632,0.0003223789859587,0.0002002614765918,497092.772146518,1
2024-05-30 05:59:49,5699328,2.14381780102e-05,0.0005396625813824,525676.388621357,1
2024-05-30 07:32:34,8570712,1.369332177e-05,0.0001499795555172,453578.06060717104,0
2024-05-30 07:38:14,5082480,7.7939623821e-06,0.0001981700382969,886572.306178711,2
2024-05-30 07:32:07,10188128,2.75554594898e-05,0.0001591423328012,427912.732052844,0
2024-05-30 07:32:19,571960,0.0001379094616152,0.0076166954040527,326690.182778429,0
2024-05-30 07:32:13,10246048,2.2220944662e-05,0.0001376972822766,435969.51672295504,0
2024-05-30 07:37:18,5280856,5.18798739277e-05,0.0002999568058002,814349.705556911,2
2024-05-30 07:36:54,7394936,3.53953784071e-05,0.0002540841891872,705727.276355372,2
2024-05-30 07:31:43,9419240,0.0004593496012789,0.00013630516509,480722.009980379,0
2024-05-30 07:32:55,6184408,1.05873932762e-05,0.0002469300096059,490380.281940637,0
2024-05-30 07:37:50,5460408,2.33521599053e-05,0.0002779100892539,812804.971293017,2
2024-05-30 06:00:21,4525000,1.4005719889e-05,0.0003756173524652,519198.89944655,1
2024-05-30 07:33:23,5150536,1.72684304439e-05,0.0056892779565626,477382.268833825,0
2024-05-30 06:00:23,5228728,3.6324066694e-05,0.0002236404003353,577892.379901663,1
2024-05-30 07:33:13,5121576,2.15110008482e-05,0.0109909883765287,473065.687395778,0
2024-05-30 06:00:43,6174272,2.7944166692e-05,0.0002529114173634,614846.305293027,1
2024-05-30 07:37:20,5419864,4.8167820851e-05,0.0002737951959508,823458.576885826,2
2024-05-30 07:32:21,582096,0.0001328320915917,0.0064841334025065,283344.009099497,0
2024-05-30 07:32:17,501008,0.0001428025710308,0.009355438323248,481891.734985069,0
2024-05-30 06:00:44,3921184,1.08720356373e-05,0.0005929499864578,538834.630070037,1
2024-05-30 06:00:14,4853696,4.05224178529e-05,0.000135277972555,557284.146918444,1
2024-05-30 06:00:49,3256552,2.60260946042e-05,0.0005396625813824,583406.6221674,1
2024-05-30 07:37:40,5637064,1.16232620971e-05,0.0002656110389788,872734.387625696,2
2024-05-30 06:00:13,5479232,4.11842692555e-05,0.0001319393450464,600107.142127125,1
2024-05-30 07:32:15,492320,0.0001476739448044,0.0180825068026172,363027.859316002,0
2024-05-30 07:37:29,5228728,3.66048191958e-05,0.0002609447358447,836480.284869091,2
2024-05-30 07:37:03,5348912,2.48031080984e-05,0.0001320198231446,791966.950122642,2
2024-05-30 07:31:41,4879797,0.0088718090643479,0.000145120708362,568995.331566837,0
2024-05-30 05:59:54,5344568,1.8622442654e-05,0.000218908467614,526664.746569806,1
2024-05-30 06:00:15,6630392,1.58978517821e-05,0.003099891705254,575874.855535009,1
2024-05-30 07:37:53,5461856,2.21878819916e-05,0.0002731476106354,901654.051700439,2
2024-05-30 06:00:46,4726272,1.06817696868e-05,0.0001833913393542,599563.399568503,1
2024-05-30 07:32:53,6072912,1.07749950026e-05,0.0002157363929312,487907.706354544,0
2024-05-30 07:33:21,5615344,8.665836787e-06,0.0002404059739913,497831.191794517,0
2024-05-30 06:00:30,5702224,3.2596198141e-05,0.0002308241511438,543057.726884562,1
2024-05-30 07:32:11,11058376,2.37847360341e-05,0.0001316640285811,442931.227417955,0
2024-05-30 07:38:28,5386560,1.40820774427e-05,0.0002735052145384,861893.17040182,2
2024-05-30 05:59:40,3149400,4.6611444992e-05,0.0002996210579399,505119.29493509,1
2024-05-30 07:38:22,5143296,7.2400119006e-06,0.0002645470994584,808306.822270676,2
2024-05-30 07:32:40,8123280,1.24651768269e-05,0.0001546188008667,493767.407315027,0
2024-05-30 07:38:10,5063656,8.1074673379e-06,0.0001608749320256,837260.443851803,2
2024-05-30 05:59:53,5359048,1.90600551258e-05,0.0003472233282356,514446.758921217,1
2024-05-30 07:31:58,10524064,4.21447116094e-05,0.0001406346176708,436826.996266754,0
2024-05-30 07:36:48,1255416,0.001717317843938,0.0002757735643665,1043241.4533971,2
2024-05-30 06:00:05,4274496,4.78329951238e-05,0.0025027666858692,540291.247740287,1
2024-05-30 05:59:31,5117232,8.22663112707e-05,0.0002777932681304,553102.739307421,1
2024-05-30 07:33:04,5228728,2.76921449481e-05,0.0001917763422894,489897.567016391,0
2024-05-30 07:37:02,5057864,2.55629545298e-05,0.0001293783387834,777561.265101166,2
2024-05-30 07:37:53,5670368,9.7945967442e-06,0.0002770914215346,851009.723642972,2
2024-05-30 07:38:29,5138952,6.8145714622e-06,0.0002609011414763,824406.474078044,2
2024-05-30 07:37:47,5170808,2.45889020569e-05,0.0002719146112052,830618.782864908,2
2024-05-30 05:59:30,4878312,5.01939521211e-05,0.0002308241511438,598373.27538948,1
2024-05-30 07:38:25,5460408,7.0486533551e-06,0.0002747685905991,848104.910245163,2
